num_feature_1,num_feature_2,cat_feature_1,cat_feature_2,price
51.9827970427233,2.7538909930342825,X,medium,84859.15930763361
48.279243138131314,1.6000868372043644,Y,high,103832.03658832899
36.7043728904003,3.394281270234538,Y,low,105009.01837323562
62.77215856333548,6.417462293587214,Z,high,106071.713719274
48.088055476739235,3.1468145330435426,Z,medium,63098.409177626076
46.43397384442423,1.8516878313622593,Y,low,137803.28597186462
53.49306961610377,1.3598364923025796,X,medium,104037.66927813335
60.81158127257326,0.08178792411193443,X,low,78333.43693150177
35.61535634698328,8.31099094379766,Z,medium,85048.20736757676
63.0937752099993,0.9673326730605953,Y,high,108095.50106526139
71.74780279660024,0.33028759918910755,Y,medium,57912.8005132478
28.60816446858236,2.197477725735312,X,medium,126353.0522849787
54.174484686917474,0.6689556630071539,X,low,107041.90907229226
45.42616681464009,1.7627077421320103,X,medium,146970.68851078278
60.4884587108021,1.767491754774291,Z,high,102327.51163403712
31.75011181209723,1.1802060464299795,Y,high,67441.96180643352
74.43407338465363,3.617224756718363,Z,high,64065.904303679934
25.88157790356396,0.615679933126291,Y,low,88278.83158262716
46.33578590335199,1.1907077783437099,Z,low,91452.85700135407
56.5144411399304,1.5430484430145583,Y,medium,82982.14856027254
39.704947295977625,2.17905567962437,X,medium,103854.41598755305
37.348976773144436,3.064693116111459,X,medium,82220.6891834297
53.33353454945786,1.0044166619550294,X,low,107626.17683272717
51.1663987998662,2.0771819701685326,Z,low,84380.54752995192
50.089072541227246,0.32647591250294217,X,medium,118951.11123203713
62.880327671984396,5.395648347478346,Y,low,90697.03619869528
44.08290959857968,0.9659631397275951,Z,low,137386.20016802297
54.79388974692507,2.61512475565907,Y,high,119568.84099368959
42.40095787586278,0.04110162127073137,Z,high,105807.56019435116
37.260057712558876,0.4592971838379324,Y,medium,93769.68200080273
45.728620572649724,1.3352807037443426,Y,medium,54429.70824014131
42.518522192095524,4.211611572147392,Z,high,142406.48214021765
43.26794298255828,1.4983989302112148,Z,low,79576.68764748101
67.47991126703242,5.314822987195381,X,medium,102721.96403206658
46.18844818946669,1.3225099593430396,X,medium,110314.12970607646
40.056399915802025,1.348451046077809,Y,medium,94494.65321265822
50.421181610719856,0.2550913451177851,Y,low,140638.03163074082
51.56341908692611,3.245616234729631,Y,high,63358.872477737605
32.19678155608893,0.5672882385169236,Z,medium,152018.04420962013
45.523905921142344,4.597434951201892,Z,high,120146.7267252495
44.91973513852104,4.834291609268689,X,high,92607.38239496593
47.4178358943729,5.740318848169962,Y,low,92943.10018206135
60.88292559556978,1.4688989520753566,X,low,33495.35488288475
52.05007806744324,2.260786706576163,Z,low,74553.01689495696
68.41906021077996,3.0148087706953612,Z,low,89382.88734960872
49.82509466166777,0.280857952481654,Z,low,105283.14928092723
76.64130920570096,1.8373731742768205,X,low,137787.4373335668
43.088374794025206,0.06979975754569587,Z,medium,161126.36874486855
38.45656428252314,1.3765823138565974,Y,high,108168.01296407719
58.209540121654605,0.33646498671224995,X,low,106168.27936428897
70.46122906197526,0.40404370140793117,Z,medium,85289.44697464394
29.3179504312216,0.9084103821450565,X,high,48546.9957003139
47.045140276785276,1.1328076326264778,X,low,81826.40421384352
40.83827082371194,1.9519351113134138,Z,low,93834.96760761931
52.1427651948812,0.15468761258992622,Z,medium,129261.83261995486
50.150268852491074,1.4011161923173876,X,high,115585.4359474584
70.18071871441582,0.4033149049121731,X,low,106646.35671703181
48.37392810687825,1.7065153196745755,Z,high,82575.99719532242
70.62176148455343,2.028935401424911,Y,medium,40536.497528676075
45.27349495971971,1.627058836923338,X,low,42347.31853802037
63.89722812657825,2.6810786287416466,X,high,50087.90599173965
53.429945422050785,0.8177696300152316,Y,medium,91239.79971385848
75.94828098025167,2.897246898309448,Z,medium,129821.3331315397
27.844777057783578,1.133970537935306,Z,low,129011.9670988265
32.54213423360263,1.3240122646546368,Y,high,123811.47286232309
77.4743342698758,2.0888285594910716,Z,low,84547.13549445881
39.001023597704695,0.03705798079062799,Z,low,134327.8949835133
39.95294962886208,2.1225996059326526,X,high,72067.8827113047
36.86414621750219,1.9277352972805097,X,high,125601.80316576628
67.22668934800586,0.7416842720220787,X,high,49762.71040635834
31.19813580162313,0.17939932325354818,Y,medium,64686.63268338345
50.33675618416491,0.19067835025806096,Z,medium,149578.4518291169
46.01567267329193,5.133719784358459,Z,high,93884.96158512386
65.54773375256651,2.337721818722428,X,medium,79570.90421750653
41.54476006502533,0.27187454319664744,X,low,133082.76125996961
56.22908868669911,0.8823602350994404,Y,high,136521.14870671817
32.43175739934095,1.7953452288303766,Z,low,87001.57575702333
84.109115580158,3.610561402030212,Y,high,108353.9035882641
46.406115130194365,0.0892855034706789,Z,low,104107.22276221431
50.13145227328051,0.5400330789898556,Y,high,15186.95677809999
74.82131538275813,4.409991212757141,X,low,58124.197637088175
41.19990838542186,0.018415624547969772,Y,high,128267.6324254623
75.01073514407925,0.4497879217598549,Y,high,75021.8725287175
43.82793238793059,6.389546088143249,X,medium,115895.13688195191
60.07547275731889,1.9007389770623775,Z,low,107891.213540366
41.40977539761052,0.606732501680529,Z,medium,136462.98310383645
29.659453322828984,0.13868106610527756,X,low,59086.2553477643
56.218915258109234,0.05719269242322879,Y,medium,111826.17522883757
59.59855101475299,0.56139988771328,Y,high,98037.56625593668
30.26171386510642,4.265445319299957,Y,medium,76306.76977975159
45.39412521636932,1.0754129097053635,Z,medium,76096.10769162286
68.0113844230536,2.5483139786187294,Y,high,106824.4264247699
59.001784261949155,5.009036256809872,Z,medium,118890.10513155375
44.071774973239236,1.0486339874719395,Y,high,101907.88847632884
41.037114475483165,0.42459855474351293,X,low,102841.42755571836
79.22366487702165,1.4559656368142218,X,medium,85045.1678789193
28.29601895295713,4.773753515726689,Z,high,87034.42548850828
49.11202138387096,3.2631054457378963,Z,high,76225.88924926307
28.02954689459083,0.13619335358557533,X,medium,84441.95044914915
69.72221967266422,2.359033935969253,X,low,117840.26775504992
49.89314581687495,1.6967853571057008,Y,medium,121192.16873301545
52.67261127154151,4.76029724025963,X,high,61723.73152581588
91.53338464441414,0.2613142929755501,Z,low,73106.89974155204
41.0979098639541,1.5272942880136091,X,medium,78688.05928992425
76.228638710878,4.23159195311027,Z,high,98078.89414700752
44.13902128387717,1.0553461188130662,Z,medium,49505.415818907895
46.49731313622652,1.3155404508885467,Y,low,73632.78856784977
89.57262884930898,0.14613233578478826,Y,low,58432.554609337814
47.5836443410749,0.6518582157445373,Y,low,112014.46402630348
29.38442893557128,0.7846239299192741,Y,low,99109.75173003206
54.228781821894685,5.80530183309403,X,low,86123.5742367289
47.408947622494935,0.6644312273323887,Y,medium,68101.68157695937
55.50643762600791,1.235592407800299,X,low,86587.10646132416
47.99603310008346,2.225246512316325,Y,low,83059.23652726236
83.23316924307147,0.3539120478681661,Y,high,149039.99657559616
58.351037582539035,1.332786118987947,Z,low,129910.59134745311
33.87553058411273,2.6829405943218894,X,high,79278.7622221324
51.868202030357814,4.03263623804999,Z,high,104955.8602285737
38.00555263749442,1.9683859394708947,Y,high,128326.25939757988
46.284292362455695,2.2115971887420565,X,medium,79269.57438111135
36.34338934149766,0.26999859055518755,Y,medium,57486.6777708019
81.60677784809035,5.829281668771439,Z,high,46094.24437202129
39.62923077232667,0.28445032544033544,X,medium,138168.00759743823
60.31346527991205,2.9804046394487105,Z,low,94268.12855590247
45.14780867185059,0.6152698172945322,Y,medium,108739.75698624097
32.62380241140815,5.423909940638334,Y,low,82772.8787404282
52.964739543492605,2.5456423680009466,Y,low,61963.03244530947
56.0103775562856,2.8033335306283083,X,medium,67560.97525482706
58.37939799131771,0.4945117955490316,Z,medium,59768.95623122173
10.666712681885862,1.1705236259366998,Z,high,125499.83243406625
31.477314294963634,1.9236915410136153,Y,medium,144776.8347499615
64.36332078532827,2.9391225463746364,Z,medium,101117.31887425068
36.14589556086812,0.21953905530302317,X,medium,54466.02720398804
53.044160754651664,6.559658438095513,Y,low,114897.52572506825
31.129629571568216,4.418566048091783,Y,low,137949.53994977628
60.9740165323766,0.630376760232196,Y,low,129150.00302450181
63.96904393993361,3.4605038077131005,X,high,99126.06854545018
60.9786485925855,1.4609668607060295,Y,high,92965.53290119352
65.48835218530397,1.2390741675958605,Y,high,98885.01036370808
73.45850217349299,0.7550213177371172,Y,low,136757.4701493015
32.388888025865384,1.739618779261282,Y,medium,122810.96283464147
38.16992103272956,2.6178454582317405,Z,high,88427.29001130094
63.46315355455692,1.0584303766848104,Y,high,87672.5417262881
66.95329657756221,1.9842884154192486,X,low,85549.14853777945
39.88485569642112,2.4033703203293104,Y,high,68061.02099343095
38.84170902011624,2.483500383789095,Y,medium,140555.14707236158
40.21679765104241,0.10673003180308291,Z,low,76365.28756760684
25.92357553934081,3.9286261779249028,Y,low,114708.2819700026
30.92883226738887,1.2259135144186057,Z,medium,80157.17085046503
31.290610324547703,0.608750819421831,X,medium,85683.28353899914
45.5885228929155,0.553522530882859,Z,medium,96583.57699831086
54.06254773750932,1.3194794048335943,Y,high,116357.27274502623
56.50209247463558,4.357755538501992,X,medium,92223.28354643563
42.371566200864784,0.9507483108634798,Y,low,65823.84485148004
42.740193255786814,2.7703958990659547,Z,medium,100572.43993237302
51.85492242726892,0.20366400966592785,X,low,76999.8460242511
27.559781642758594,1.2927436214563843,X,low,146315.14920743593
64.39160798124634,9.579662649197534,Z,high,92201.66492582233
69.28077918521406,2.94316254880101,Z,medium,79960.91985786593
40.6162904346794,0.4727830601855874,X,high,159244.02398960027
44.023457609768315,1.3920685833060318,X,medium,122166.6910732742
68.64968337267754,0.5321667289950548,Z,medium,73096.77658587351
48.15422613515151,1.0537776555495104,Y,medium,76272.57820010188
58.823681689274444,3.029019463300267,X,medium,114225.48943272045
48.61541909298839,2.9500309675912293,Z,medium,101304.28903104697
73.34461082720411,0.5178015212014533,Y,low,126705.26628161424
57.351194423772434,5.107827223873424,X,low,80119.7109702525
58.21483657878788,1.7957633599380072,X,medium,121033.27374395431
58.4945980810038,0.955827394092789,Z,low,32851.349766758685
41.67329395508432,1.394051708923013,Y,high,95366.74392223684
43.051412946161975,1.8580998376059052,X,high,81484.62561967805
61.53868459339962,1.6414635835073297,Y,high,86348.60137997741
51.89619244150426,1.3326406620946387,Y,medium,96913.76061621764
32.335834882823406,1.4061235526244158,X,medium,134155.1091878109
78.0965663693717,0.38816953071190546,Y,low,65378.80362036859
64.6710780094565,3.350438723957759,X,low,34358.7098677
50.56439485767528,1.5607258256909142,Y,low,68858.3928666516
45.89748527300053,0.28100811727146713,X,high,130673.07795784478
52.98013786295124,2.9062115267649005,Z,high,50650.25993525276
57.76280148736141,5.389596150713019,X,high,82841.57078245371
19.504988964949288,5.886541494634703,X,high,125187.32124435494
81.6852456422863,0.9209550378274459,X,low,98247.14370236939
38.151735362496204,0.29124698467635224,Y,medium,133861.20162550962
49.97141550516864,1.4612812194485145,Z,medium,38953.13549651489
50.52300324168719,0.23893968106004163,Y,high,90351.72737406952
79.95275328033277,5.43581985305265,Y,medium,140115.31499065
48.67814238489958,0.4056517882274702,X,medium,66193.55061603505
73.82760941530444,0.5827534049355456,Y,medium,131044.29530164259
56.10091204191671,1.0438962565387562,X,high,92929.28850819514
35.57172706691076,0.9663057045895764,Z,low,113023.8827516777
52.020612021542064,3.1662044462130936,Y,low,137939.70721067622
48.22236917427632,1.218777185000447,Y,medium,112895.08453144266
33.73894272643656,0.37451124259787716,Y,low,82262.51321891902
55.36584154208362,0.621791938757772,X,low,116861.88256375685
50.331541247747836,1.4230842098350782,X,high,80146.00464156985
58.3463255818781,0.31905603096061447,Y,high,108201.00558356164
52.90029169397472,1.8917257979869906,Y,medium,62444.71121725682
40.23345654478895,1.6682573426993883,Z,medium,100872.84020236885
61.525009884354716,2.5084442798125104,Z,medium,135678.79234866294
40.63402579619631,5.551735878137877,Z,high,91036.90832304825
3.5049421582509344,4.866630792695664,Z,low,132810.71316547933
51.92979421931325,5.840345096821285,Z,high,192802.88592012716
41.688894091490155,0.5613218159602987,X,high,99131.58055566363
55.73195756594952,0.2821257817541388,Z,low,118425.76468725955
79.98307603909572,0.7198653477278415,Z,low,114305.8775464617
80.41609539722087,4.5092128544067425,Y,medium,106753.10977522236
47.5231561666724,7.154924805594347,X,low,123636.88072476687
37.60227243130917,3.922605331686485,Z,low,92557.14904382011
58.77024922876883,0.23310745566689628,Z,low,80123.67699176373
44.446616122004684,5.891143166913338,Z,low,54210.316857084756
55.87664783520414,1.101067406141785,Y,medium,89717.24520739514
40.08708856659719,0.018707804843896586,Y,medium,127043.02495406101
53.76038624034128,1.168204388509682,Y,low,71806.08666420606
37.82038771559785,0.09432823012673468,Z,low,107400.33689598272
67.76380124047199,1.5699895770911014,Y,medium,96306.70409407208
41.15033463871082,0.8266539457854504,Z,medium,81378.45630872207
59.916538036024534,1.2827607442531204,X,low,44408.790107402
31.028490752217216,1.8995417830223356,Z,high,140885.6409736236
61.717607849160366,4.062081509554001,Y,medium,115515.71591150135
35.50423896097699,2.1688364640355817,X,medium,179958.6348312778
53.91765210461764,1.1384950891478587,Z,medium,132382.39041872625
65.3480146002198,3.423249756823544,X,low,140216.31935945642
47.00025652164831,4.720050006214094,X,low,47519.38806929805
34.562496338811,0.255121286571301,X,medium,46994.93906315322
57.452187607038816,1.5182875659216628,Z,low,101269.36183157761
37.38527901520178,0.6695807906977482,Y,low,65556.53729556063
43.93631601204157,0.09640918684049504,Z,medium,79561.39459467924
53.9819398924359,2.208536678700571,Y,low,175787.92540374905
70.41014054161558,3.972205188180581,Z,high,135696.28515045583
50.398300306992034,0.3556298247218544,Z,low,71930.33373004611
50.34286264767685,3.3470320937867064,Z,low,29016.384592903734
61.06269340434277,3.8400367744073756,Y,medium,69401.8798568785
50.75557845009495,4.914748949046918,Z,medium,83284.16671183833
59.532952997493474,0.6165454626406541,X,high,90362.08992219773
66.17800319094421,4.685836605434136,Z,low,61628.61246770137
45.08394274598001,0.7732751908000078,X,high,133895.51776992384
0.8748404912981678,1.6074336513231193,Y,high,78656.1761842524
37.731093596218,0.10365523387175346,Y,medium,119457.33017808129
68.13023016252954,0.08974597822865851,Z,low,101616.62265673066
49.49352827903519,2.5485989350654723,Z,medium,128154.31165258127
44.91304593608152,1.1757012546153878,Z,high,92862.39014670864
67.50177489804811,0.5922145980635876,X,high,72250.4068402609
48.480126256551564,0.42246330115824926,Y,medium,82042.38387694102
18.61200191376266,2.2170433953240383,X,medium,82465.44656926587
27.42046908487485,0.0008032493314596991,X,medium,161936.51654728703
56.27972031225359,3.2786725873797433,Z,medium,102295.15815517865
48.996635876079104,0.16513259177227513,Z,medium,100138.98444111632
71.81984718243832,0.4251235103191076,X,high,126460.79622125647
39.00096974293735,0.9762908672005708,X,medium,99997.90435737613
45.35748856994308,1.3266282482322638,Z,low,133650.2895794311
36.7324539040997,0.8769947796670987,Z,high,88837.66717896657
42.19108733479321,0.7734206621256903,X,high,85790.80748761933
21.621441481195642,6.643812119546893,Z,low,70591.79511955516
44.21473003924203,2.0520978130581344,Z,low,155501.41990152103
49.22196704345147,0.04742374584870003,X,high,97905.25528703186
47.95503736301475,1.1248551541792453,X,medium,64778.72621135514
82.24329895599215,4.159022284107295,Y,high,105904.81665937653
77.50226865765472,0.7175147539982146,X,high,80498.38368809679
38.73650793558372,0.19866045727093024,Z,low,88311.96305638208
19.340949580211063,2.840817566818388,X,high,109322.60295183153
48.51199470602665,1.8628789534744061,X,medium,145629.55720762303
55.64765207255931,1.689394193803111,X,low,103047.56074519122
37.09273889925747,0.11013039733940364,Y,high,78668.89688634548
37.83536549111415,0.30280660417905425,Y,high,84852.55473117316
73.73832453968798,1.9486311395008973,Z,medium,119693.41560731405
46.13672643282044,0.4659429789988924,Y,high,41249.77252639178
59.93375278543608,1.4026413041098549,X,high,68719.53171111723
36.04541453218332,1.574395726257362,Y,high,106379.3822859202
49.145893119128104,0.6667741340684848,X,high,48799.91267875755
44.95492469548231,5.929442471721089,Y,medium,90624.46362595409
39.86940141795068,3.6962039071453594,Y,high,85652.04893027451
67.32950617282539,2.56295724260711,Y,high,126323.45566227003
29.166844855504788,0.16240680592659795,X,high,92491.53000642401
54.50085238266934,0.22438989970817605,Y,low,135600.7414780914
44.67317516764252,1.3576261957560347,X,medium,102366.19069714184
56.22236723053812,0.3504059463363285,X,low,153293.533924278
44.876350516724635,7.657705482353236,Z,low,58375.33106824686
63.00789592878409,0.3451866216607912,Y,medium,148513.80523803932
35.90446102621772,1.3367836197372198,Z,low,87666.18531311832
67.36329787512969,0.9054941494098299,Z,low,144218.4910367923
49.56795957988368,2.0398966269956933,X,low,135557.04099655492
30.07246206477315,0.27631020850821153,Y,medium,14442.764776519743
60.20323183854235,1.1253484184311302,X,high,114375.04630959519
47.01725384723523,0.6423537111370391,X,medium,129928.59288423693
24.382431107906836,4.37408067054659,Y,medium,139857.7821001335
54.98702125638305,0.08286459504845343,X,medium,64700.88442661731
65.0989357291655,4.900488636107594,Y,low,117710.2869104269
69.23203610540196,3.5794527373925837,Y,high,105852.21035997184
44.3247217610035,0.70642109362777,X,medium,112942.26900898974
52.17977082988607,3.1145512109272655,X,medium,129968.09459779055
50.758045141893675,0.06342216777563131,Z,high,134701.29558179303
72.3470394735703,6.81436352239397,X,high,80327.71135706587
37.842671264400245,1.49560779758906,Y,high,107962.57995539969
43.03010821693187,0.7227462866144149,Z,low,101234.05951636384
37.4791953582529,0.9006630800591161,Y,high,92819.42133191034
28.262742153306696,0.13742586447683605,Z,low,95686.74366492878
53.71680771578123,9.084299516024476,X,medium,105879.6172616991
74.01947497666382,0.08016941849431163,X,low,81940.551925982
47.02273312227408,2.127883379827491,X,high,126491.10335592642
36.77155067685298,1.1694321078572252,Y,low,138079.24864875549
52.80289553348103,5.948576427064931,Z,high,75382.70333242313
58.836772681589835,0.5647251331070885,Y,low,139549.89663817367
47.65455293845142,1.5189450430215006,Z,medium,75439.19727321577
71.05302997931265,1.31693586925368,X,low,126933.60735069355
37.81457158568717,2.427147115847389,Y,medium,139494.36431771703
45.69545545231456,0.140866885693063,X,high,97164.67911760483
54.439818572644434,0.43081989082447425,Y,medium,75685.06774048664
55.89445628926741,0.48303469099431035,X,high,82339.51006865111
50.70842138447241,2.6799726819727248,Y,high,110855.7059694657
30.823701164642777,0.41931651678138643,Y,medium,158939.63237229892
85.07017106309495,1.7042472026260074,Z,medium,49218.0147688987
46.460451274308504,0.48476441761994754,X,low,103007.25894435932
51.654012778769854,3.9555750544466894,Z,low,97357.83552708964
59.25141639759471,5.701029765069134,Z,medium,86304.3471469567
40.452419560257056,1.4616689158139262,X,medium,97576.54174814155
50.85389631306164,0.8686827388738841,Y,medium,83734.09534452767
39.84214643520058,0.5332970727818617,Z,medium,137294.66235587225
56.23326112211346,0.10212559248340759,X,high,140274.81420000177
45.859660271666456,0.6253163253761085,Y,medium,102644.05813441069
54.03077790957003,2.1239963622844136,Z,medium,95765.64959541128
34.30193980271598,1.5254958934514837,Z,medium,85208.89982118805
37.56625348990691,5.7662819444142945,Z,medium,102708.44013258029
29.522889847147972,1.009280460601282,Y,high,155434.93086602876
39.34204881010688,2.3674473660499684,Z,low,96887.97291395925
11.397136344527903,1.3440349761544055,Y,low,74817.02805921221
45.3934969146826,1.43724268224804,Z,low,88067.14325959446
41.986395920556106,0.6233329983145527,X,low,122604.0988530664
52.26366445437604,1.2137583413523827,Z,low,78467.89887857185
50.66911586651434,1.2727209936541504,X,high,98988.81716012428
68.85619652721606,2.452726702691832,X,low,114186.49405488218
88.91465277161167,5.648269332823984,X,high,80744.11431840919
67.06308519725953,0.7989301213429252,Y,high,47067.82837704845
43.20338615937368,0.08623356060082277,X,low,67858.43608440693
42.59913875435165,1.3715294977825883,Z,low,74237.00473381078
63.02994563533573,1.5725493497688672,Y,low,93135.18082430077
24.74982958140752,0.3689049739442266,X,medium,101328.98984185832
45.27195610754782,2.858108182642977,Y,high,124711.03892131335
46.42770597434213,8.389980213890304,Y,low,63182.31974005879
58.76197227228217,5.829216006887845,Y,medium,120348.60612121526
59.2079951921117,0.4390652541695266,Z,high,88872.29466550595
38.83159189410456,4.1647033825331095,X,medium,46433.58103354457
43.78441007442224,2.4381298147640402,Y,medium,100407.20978152615
56.6765638224906,1.209710648093844,Y,low,139488.02654499904
38.016190161218525,1.5557158418699892,Y,high,126493.4365497545
68.09177652161425,3.7889160618285382,X,medium,97711.88766933799
59.137628501603615,1.3083720007739967,Y,high,133773.11848386252
52.57264322292265,0.9342790505565267,Y,low,105766.68041641914
55.86410897421379,1.3594650930018293,Z,high,129435.66483467315
42.99664074588801,1.7308616319294685,X,medium,50151.92995093595
40.60562866718573,0.41916596020517727,Z,medium,62509.81554219206
43.62916675791919,4.623407690802076,X,high,121871.07956718159
57.49950038389774,2.242863049551124,X,medium,146178.4748303447
53.0152247106298,2.0062528886100806,X,medium,112518.87192737518
43.65928310460935,0.2096018471410161,Z,medium,85079.89379872593
61.24372614961483,1.8535608040608302,Z,low,74484.52424280132
47.390803664957694,0.2578512588822129,Z,low,90540.54509215576
39.60033881616248,0.16393407894915946,Z,medium,136409.10975150295
53.81512263947781,1.4986347825053743,Y,high,89724.18885137817
34.804557325657434,1.0309579812949412,Y,low,131432.83724162256
24.69164375096448,1.7774010824278856,Y,high,119577.19376363634
49.923431366521044,0.1869125683883951,X,medium,151417.7740128098
40.13879309433675,1.1276901575475824,Y,medium,106007.85614609522
46.18768470995226,0.3842267976837368,X,high,98512.10916453876
35.49900622783325,8.70106925684185,Z,low,132930.16317040805
68.13398209553856,1.6471961880330628,X,high,71942.11614105945
40.077608841077925,2.3258975704495923,X,high,86679.49068667188
43.520009327437855,0.7873249105458251,Y,medium,49599.857634104555
55.668249013748515,0.19906376986297572,Z,low,62370.263228560136
29.350785525159754,7.448670311244201,Z,high,157701.1563918943
28.241753401269435,0.6744703542455456,Y,low,120769.437209221
55.71429253540119,1.1026293237419036,Z,medium,58878.952510811956
43.32578554306746,2.0988668098488437,Z,low,135844.86983881166
36.477573396587665,0.05001478451311342,Z,medium,78889.0736141397
59.050597594209805,3.3241919650646334,Y,low,119228.51825000191
37.82117511338011,1.5382352059653424,Z,high,118780.40813187015
45.88231550676613,0.6520619969147267,X,medium,149949.72100248098
36.55804298041231,0.12717498231056104,X,high,83868.10748498635
54.55155779374736,0.3546642466277783,Z,medium,77793.11838459896
69.98114289075161,4.508234892197093,Y,low,19328.724557246238
22.084401060018273,2.316878884684917,Y,low,96346.80619920485
51.68986533125968,0.5751020864380112,Y,medium,121759.894959527
62.84882662829526,0.13570297111374324,Z,medium,125859.2150580842
43.6778337904134,2.3463396653033968,Z,medium,137571.98138886277
33.03436438556172,1.6991703364144264,X,low,108694.17225995181
56.31445290691106,1.036773354775959,Y,medium,115143.43354717501
65.0248025506565,0.903891946473383,X,medium,102043.61322140842
63.35783266468203,0.48877083124979975,X,high,121223.64506658704
55.48864006872241,2.214970614678339,Y,medium,71972.7292870003
51.46870606412963,7.058154312624834,Z,high,57746.055072542455
36.514811669235485,0.3864784666587195,Z,high,75137.85971676151
62.97867425515913,1.8182162772098232,X,high,106408.7115275997
62.14935220028761,1.1039378944872604,X,low,60987.26002584258
32.929125220170995,1.183669091337455,X,high,81002.67521187436
55.46719591769737,0.5864542494286672,X,medium,81961.17150894503
59.79235813279678,3.48748064055947,Y,low,123454.63632896368
63.2317065811326,1.3281696405156367,X,low,119802.86381591138
48.875155713091694,1.5679207237447101,X,low,102114.58276776751
37.13648638780784,0.7269989644235662,Z,low,113531.9464491267
42.468257302039326,0.4013176404734232,Z,low,114123.71331900911
34.89125212316058,0.17965333758433813,Z,low,89091.41328601085
49.234090023275265,2.5043602632299824,Y,low,83725.02080836815
46.296719051469644,0.43689489480226185,Y,high,146100.59246867112
82.17554631153061,2.3428521781591547,Z,medium,25326.16585593029
63.42015713657198,0.9898272739634476,Z,medium,77760.89893188242
64.54322100333646,1.0749375114808397,X,high,93886.52435770282
57.07028736241593,1.2666551624294744,X,high,116798.54281958041
44.49023529997223,0.9168095396959194,Y,low,134065.19578309575
45.86915061772889,0.21209923322803498,Y,low,155701.9481256444
47.241960502750686,0.741060430035592,X,high,97248.67951389609
52.82349909051701,2.1797076764005876,Z,low,99257.93125930498
55.83754715335172,2.19193797933938,X,medium,110878.3018184554
50.01062941520783,0.6743730435962688,Y,medium,84066.37185013235
45.641022839853,1.2327524133327092,Y,low,64472.881838323745
41.08826554268023,0.42997190043668776,X,low,97112.48601207945
29.110268633251195,0.4723868674992642,X,low,122361.16876005393
69.25068747569976,0.046633650074005106,X,medium,92712.29661470557
83.08294352398121,4.541137265524326,Y,low,112403.06166154279
67.99005171392376,0.47323449317878186,Z,high,43935.48061385391
31.114015611038806,0.5163342496225404,X,low,100552.13870258376
61.80524854461338,0.655901308724793,Y,high,87896.60227857025
65.35664452431224,0.2725745370041452,Y,low,61746.287335264446
43.94843452067963,2.039211588360606,Y,low,119716.37510754542
57.33390859458543,0.15623219477726372,X,medium,155369.36707822946
43.15545451216071,0.2882082927758412,X,high,129698.76777042657
72.9339349222061,2.0699048939818567,Z,high,131612.47016435317
55.48056383322971,0.8300027294625723,Y,high,121374.31103850412
36.24266762943427,2.4616456339871884,X,medium,119393.54348938659
60.04712147014008,1.630289520904232,Y,high,46017.041932734515
65.88171010235371,0.5914854059400115,Y,medium,96161.47149784034
52.971974767038134,2.104380999426205,Z,low,115260.09299937602
57.19162537614903,0.2472157147396446,X,low,115942.14343602602
48.95369856156803,1.5375111288048893,X,high,138151.18567809113
32.9857932028065,1.1494774989460168,Y,low,69028.07051100463
47.72399362369239,0.6236041577257369,Y,low,118218.14846223097
57.845594494453366,1.8527073767231792,Z,high,68048.76988022159
48.07959698025143,4.101064422389638,Z,low,93649.0123048282
62.01148140109387,13.633453528651135,Z,high,98141.10978294173
44.11727658203624,1.8717768809266795,Z,high,125877.12742146855
45.10113758823759,1.03739933343646,Z,low,122348.60165201033
62.466799969908564,0.510319022850928,Z,low,103609.91763134916
53.32778775204567,0.5943771377322214,Y,low,35438.87436337872
43.82417628266612,1.3057577947141228,Z,low,113345.01198976161
65.50708064012936,0.9154473194049071,Y,low,91969.70568883639
39.668964230742084,4.9025071828671605,Y,medium,141754.17674857302
39.09576561473977,0.9186670125332103,X,low,134604.80633021105
7.558267834038892,0.9350361333000837,Y,medium,71859.31279283026
41.69047177133829,0.9675058783679252,Y,high,117465.22716971756
69.63075018383424,3.623355581333223,Z,low,118057.31818481213
18.915609707413417,2.1041540202407383,Y,low,115875.50738850777
35.72119789656174,1.904710882559354,Z,low,111987.43224236797
56.58602833835255,0.8133607596551767,Z,high,118904.63759404751
16.326998391609084,3.406444459075318,Z,medium,145044.57446721988
42.33952079735353,0.07823826824506983,X,medium,83458.5900032039
67.1129482341612,4.092743603890424,Z,low,72825.71130228639
80.64538702773484,1.4379554698762191,Y,low,123481.4540651651
54.35369848500549,1.0158271852393528,Z,low,43499.13716106526
36.102994726383244,1.3749954604677666,Z,low,119620.7158168861
35.598068920275765,2.201722815285082,Z,high,114308.16905626141
52.17361953996356,0.025695209367244818,X,low,29634.92429163328
54.21444981747649,4.104460016600458,Y,high,80909.90021168903
77.86893140087373,1.1838527344374292,X,low,147279.23576823954
64.56207278805805,0.8400406048705982,Y,medium,56284.704078521805
51.26159731832736,0.29756985565994726,X,medium,106377.74844848286
44.97189120110872,1.1577285240653432,Y,low,69852.84100018645
95.22067563953316,1.3716392705635732,X,low,78731.61087814702
59.39892199993843,1.0338439861519895,Z,high,157489.56461282016
39.96872429633682,2.2705116367067024,X,low,103703.33037358418
46.63065614612783,1.0925482211382564,X,low,115508.52065688769
36.8381788999535,6.509916981713345,Z,low,96626.06270720458
13.931757112244155,1.8289723113213283,Z,medium,54546.00057707131
54.68976486810984,3.295089023665168,Y,high,64452.30379307016
76.73681324835971,0.23162074726462062,Y,medium,135352.90976926696
25.541641966290438,1.0126425437020543,Y,high,104586.76445037204
50.82893893818527,0.82150120786953,X,medium,76891.34932130546
39.396428312936045,1.6855340913986676,Y,low,99338.4459622942
57.82253788354779,3.9481967412293812,X,medium,119847.93889851845
47.41504764913151,0.1631539065376037,X,medium,113634.66542749939
29.599180183735985,0.15068626508930788,Y,high,76906.32399352464
35.28344429075396,3.7984805710388136,Y,high,52740.9016318854
37.545492020236885,0.4786731216502829,X,medium,87788.60370335363
70.16477311980812,2.209783452968246,Z,high,133271.4590781012
69.39888915395227,1.565610509685997,Z,high,125631.30895321631
45.329781693309535,3.578249026198844,X,high,112312.09794775487
68.4170515017702,0.2672660180577972,Y,high,94873.58765601665
47.402242409057386,0.2780252675159898,X,high,84497.59713818147
45.10005862324719,1.6275511420557984,X,medium,95430.14786636921
50.856767608267624,5.8516160638995895,Y,high,123453.14992906364
54.272379179354544,1.072279199825515,Z,low,130305.71836707284
41.668328107024976,0.7918478414539465,X,medium,92146.39705233196
50.327986132733336,1.86631090640023,Z,medium,176086.9392858278
61.80983758469785,5.331378478496701,Z,medium,102772.11327331168
51.94309458809071,3.627124865745492,Y,high,89591.33650195293
50.641743531864805,10.800084878319376,X,low,144270.08315828652
57.41270321421192,0.045654302855875094,X,high,38851.104107131745
60.00059091287914,0.23950076483282945,Z,medium,114401.01083696066
49.06076272080616,1.8804895218229811,Z,medium,97816.0482210011
42.88728414382777,3.4360120152458706,Y,medium,143445.52959614075
52.83804955211353,0.6716290643713478,Z,medium,118147.70075950575
26.09054405265051,0.5467986840692606,Y,high,104173.06509524975
46.845170067442176,3.092699003596211,X,low,119879.01392639647
12.926601375286088,0.11606740174359165,Y,low,68332.53063637743
24.863123248452492,0.9221120298740585,Z,medium,129004.59503436578
22.60721225874934,1.4096672945233455,X,low,59662.42728959586
65.71027613679577,1.6435466158460248,Y,medium,110754.92142443094
50.20972723953987,2.6084347596698922,X,medium,101068.43023258074
31.069264651754985,0.8765316046155375,Y,low,47108.36270885725
57.36599065168035,1.8970305431516559,Z,medium,102068.26174288148
64.82981719049778,1.7607636028204803,Z,low,108459.60255118893
57.6272833422106,1.5864482495875951,X,medium,80353.72078126627
47.16934807261121,2.0459892608348653,X,low,69627.34003472175
53.48729927629051,0.6007220125269065,X,medium,114765.32210285192
63.522447997140986,0.17689482300862205,Y,low,110869.45003482429
42.961312435060165,0.2540121368202066,Z,medium,106804.57267762131
50.44800384886738,0.5087070673411042,X,medium,100265.25317064651
46.14210433090353,1.3870862599662876,X,medium,83003.1094907321
25.798762210212715,3.670704980823026,X,low,168165.44357994306
63.74852270966453,2.4165865287627586,Y,high,91050.07479255735
80.85907797491015,3.112179202001936,X,medium,74046.5990959365
36.89308068138215,0.8645700070949407,X,medium,101632.81825630402
64.44020352329449,1.037224191785453,Y,low,94571.76861066648
37.37009330357599,1.000700980072791,Y,medium,90354.61574750529
51.99181722615597,0.4260725655639493,X,medium,156228.28271817957
72.62018410684665,0.12634111848809473,X,medium,66107.56545986178
42.193415219118336,1.7876699839369223,Y,medium,101123.11206381118
49.7797037841219,9.059510200782091,Z,high,68119.80925214465
22.97745505237885,0.3650344437508673,Y,high,83769.25685811914
40.03693484080653,0.0956194117400638,Z,medium,152083.47849685096
21.405915169989413,3.024002552319278,X,medium,108443.3516716568
56.43767179812498,0.5822720788942033,X,medium,108081.11785565152
62.47456338427366,3.539727542606882,Z,high,71815.56315616437
46.67547670143793,2.4343637696472067,Y,high,87261.35323849654
54.28830450885189,5.825487647253242,X,low,154693.64564675512
45.114043171243296,1.05163229721533,Z,low,114980.86739310733
61.108180488116545,2.1692403101710362,Y,medium,89808.55445071287
51.941929026877986,1.2504342623729647,Z,medium,113218.21770909817
20.215049662946612,1.9916892285057688,Y,high,108029.91589633627
64.0997122713923,1.1942160094673746,Y,medium,74816.8103844437
44.1568580812527,0.4180677414204575,Y,medium,88935.75254433778
30.944307931873933,1.4181361603312204,Y,high,167636.08306323597
43.41599041483995,1.5040295498162755,Z,high,111760.07750339922
21.468955271803406,3.32782883320009,Z,high,52928.73966071372
31.251660331414353,2.659984627043006,Z,high,115306.30444739234
52.14424415173084,2.180048288803956,Z,low,139092.6481908384
53.4006752951085,0.24069360358934191,Z,high,72868.65459541818
54.59658251382752,2.550338279484294,Y,high,86294.73109949559
50.048148016452465,1.3875153591711755,X,medium,143613.12864875555
39.607023147919826,4.49051129178969,X,medium,101047.3740647869
49.18311290809152,5.048233241896302,Z,medium,95713.65331626132
43.44188829578172,0.11347213911877813,Z,low,59918.25910364563
25.613276028872242,3.436738038527837,X,high,132116.989254426
38.41377513484118,0.07685262962158387,Y,high,94345.9288974812
63.34311846753537,0.9151057276616221,Z,low,34870.51194529692
73.82441228082416,1.5630825561171362,Y,high,52820.87455701238
59.76912566178033,0.3205741347991925,X,medium,83152.58154451907
73.1554664148862,2.743314516713594,X,low,67814.73120512093
51.280829152024374,0.016779600656832646,Z,high,72521.14738900065
76.13564127053809,0.36928621525955835,Y,low,170340.09685910292
80.81732660492871,1.7387991672629306,Z,low,121225.69040998312
23.99795752945718,2.506238998350803,X,high,22679.64931016971
53.32239960699249,4.969247844172475,Y,medium,90570.34266338493
51.29645283631314,2.4449298146241505,Z,high,97315.19777938396
43.63844276623851,2.2281378807833336,Z,high,55691.98198190097
57.3787330722708,1.0028767984015738,Z,medium,116031.5891660783
50.61687602962815,0.0025705022165520577,X,high,38758.32024580245
38.96826619411935,0.25602872744784316,Z,high,132908.4087331111
49.60092342444528,1.52952072737393,Y,high,143245.8994516865
68.06891869052585,2.2486596505706125,Z,low,170577.55236871008
52.73807145324013,1.0806746289457896,X,low,52770.12237301261
59.40432122384199,2.6237026901244773,Z,low,58873.079244995926
45.84420349581363,1.4757130058001913,X,high,120780.16102758193
56.78096015227422,0.15414267692102354,X,medium,135480.4016519793
31.861782042752303,0.426426666494795,Y,low,124268.57984075717
42.50419250870311,3.6651407181692206,Y,medium,132391.51021582782
48.45997087151108,2.5813338932755387,Z,high,141304.82085895102
30.854961190601934,4.503061407521523,X,low,106067.51186587698
37.546749216615915,0.2501227276081484,X,high,93623.50259738222
54.69667652860837,9.255349983238926,Y,medium,58954.68376223789
51.947478744320485,0.4699432407532499,Y,low,91056.83784352604
62.09548136986563,0.023699617538341683,Z,low,95653.34793007311
40.99233472722254,11.922211394875937,X,low,71509.46280027235
50.864033390078625,0.6599933758786732,Y,low,98853.27396528808
39.92198883674257,2.2053578073750444,Z,medium,68128.63098761551
60.591928236639895,0.388826286562516,X,low,133399.9700904151
67.86119174037871,1.7360896801554673,X,high,112774.7340753748
57.249872408792044,4.687543192349008,Y,low,86211.88933485058
65.91791414414874,0.771857877995389,Z,medium,105665.21823478256
50.487497943317926,2.2188650904226814,Y,low,66847.3071292555
62.08390752492764,0.41627242572357687,Z,medium,69889.21710642209
51.131266139186906,1.960567596764842,X,medium,80984.36085168332
34.62607900121348,0.8203032006079857,Z,high,94242.15788772698
53.700820830479095,0.4745058911216644,Z,low,104236.05437467073
35.07054959314236,0.7513720312460566,Z,low,104354.69100688017
85.08693427353366,0.3940772108962442,Z,low,60436.67000508099
44.988677618369984,4.643864248072732,Z,high,97578.13351323525
59.67556783173496,1.0122961156997006,Y,high,75458.34038255336
49.81380170711608,0.5628150770826598,Z,medium,-2269.002123519015
31.495798639461412,1.1898926964075744,Z,medium,192267.5659456885
21.522154549031427,0.7729025448481908,X,medium,76040.47822141266
61.23520932611196,2.7284337744484155,Z,high,77705.43537565583
73.24011390156589,7.096143031740013,X,high,59606.91632918224
38.97794439184462,1.1526266364882531,Y,high,68275.21135908479
25.149612206606147,3.947043324590407,Y,medium,94339.8305525765
45.12255901367563,1.668790591860861,Z,high,140554.39972360083
35.943244321418995,0.34213583067013303,Y,medium,94169.5398535696
40.245264802068604,2.346387694725757,Z,medium,90293.13072295976
59.15560549587928,1.44076749072495,Y,low,136008.21931064164
49.243054288957424,2.1031131026502137,Z,low,84268.1040839475
37.55738661676973,4.4088744786067116,Z,low,100634.48186726998
58.82751179391792,1.1611896310804546,X,medium,72352.89804361056
60.003085176136864,4.6288624284360465,X,low,150554.00502857708
44.94413770933062,2.777948010576462,X,low,131455.3072010754
52.068747813770905,1.3412256966290939,X,low,95410.378913999
57.80752824615462,1.8487573811116402,Z,high,88016.70154387823
56.39154696475095,0.7878077919879488,Y,medium,99044.81630089784
50.60921130448299,8.22061861526115,Z,low,95848.52264167598
71.48879177337945,2.2013357782379877,X,high,53595.4100403198
58.74021219522779,0.08967436525506758,X,high,132480.02354276122
43.23981475253401,0.7908966057052004,Y,high,93185.86659266843
43.329963984516425,1.9526889626834352,X,low,156950.21128138437
41.6287047479499,0.11596444737815971,Z,high,112654.47132287746
59.48181420841717,0.04834808634571605,Z,medium,24367.400496109218
40.6587865999714,1.1957621471910915,Z,high,61551.29650452848
43.6265136619579,0.8090016854010477,Z,high,35618.34679845217
65.87033582173719,1.1535698026293217,Z,high,61178.55837043306
52.87447943101083,0.6095026804357184,Y,high,50991.94977431859
67.97798940681781,0.35997116727309464,Z,medium,107577.02471145522
61.97089810028513,2.336846855991963,X,low,90517.43975181173
32.34992256394905,1.4454449648985543,X,medium,122216.19754086666
48.46800412638948,0.4466726679145959,X,medium,98857.01251978116
64.84923559952813,0.7701177562099787,X,low,92790.72795565493
31.66735902273481,1.792034801651397,Y,high,160096.2084780803
56.29566230538014,0.14994143855136632,X,low,106684.67901575507
49.41145289451884,0.3190539004963728,Y,low,97584.65447492276
23.678168868164196,0.15213338724020223,X,medium,74396.7723979587
51.794889567784004,3.3460053645933328,Y,low,64722.59452991118
37.43797975810201,2.7919560594142374,Y,high,123115.03055176305
32.485223268253606,2.7992693525491847,Y,medium,121320.87993504578
50.13711013733949,2.519854546228118,X,high,147147.36216847
21.0372059112049,2.213604008068822,Y,medium,114367.34779908447
39.885645611226764,1.2963167137375298,Z,high,88206.91487681362
88.26761378753972,2.055999175267226,Z,low,115330.3083631095
59.75333590110415,0.07823347107726894,X,low,97590.98193388178
36.7786264074897,1.9428904297983667,Z,low,125961.5540222131
71.06248910150595,3.0090543456526118,Z,high,140029.9548055613
35.11934658834299,1.3877283165916914,Z,medium,94943.30960848636
41.69457270296791,0.8848184141235338,X,medium,152719.2891944422
32.76722885106068,0.6498729180338987,X,medium,135650.4180286456
53.841198179990315,2.058930339063539,Z,low,100530.53018293213
70.52944433145693,2.360520359012599,X,high,120122.29825173815
35.014906511602156,4.095383484601133,Y,medium,109164.9066094055
19.093354438863667,0.8381164013943933,Z,high,100659.8197841288
66.3645001177913,2.937372983730464,X,medium,157394.35169419032
73.30700751631521,1.648133456055446,X,low,115528.13382972074
20.073793003779006,4.2883696084568825,Z,high,74770.94918106821
56.90081512169666,1.5007565939255985,X,medium,69160.90969214174
53.397580281729326,1.4580869376200798,Z,medium,70387.09238643317
38.18787042668368,1.7249174623048544,X,medium,114685.13502754518
29.08466499996151,2.767119049532051,Y,medium,89754.58983042829
64.87625518169834,6.68720525967573,Z,low,109998.81149838332
52.68605797185793,0.15281923150416296,Y,medium,128091.88854884118
53.81639686140081,0.10983043314773575,Z,medium,160861.40591296865
40.67345970750198,5.546788890529667,X,low,90445.8029893493
37.97136193325064,1.509515985456912,Y,medium,57743.48178000309
13.17539688089081,1.9085201324053063,X,high,153772.0619599218
46.579579553226814,1.3171962699403499,Z,high,56286.97533042786
71.58239569181335,0.19667591353311137,Z,medium,55107.13877632624
36.646183699270196,2.9228064666979314,Z,low,152993.50779900694
27.163779585998903,2.75050821989016,Z,low,131986.9458321244
56.53496849685503,0.7470706304728714,Z,low,114545.21023678545
59.301199976695045,0.7312562233363529,Y,medium,98502.37007639579
41.21141058978236,3.6383605851444494,Z,medium,92823.87947814238
44.76853302950538,0.15021719266517405,X,high,80475.21925016984
53.95854675828138,4.259031552219762,Y,low,91508.70477173752
47.6667579705601,0.5932080160224101,X,medium,98577.53856907833
65.00194003630972,1.7978092388789573,Z,medium,58766.50324181735
86.55863863886329,5.497562493322449,X,medium,75393.14452082632
24.362546672143164,2.2671684907560365,Y,low,36642.45253407413
68.44632695836971,1.070338453796873,Y,low,102337.8235630094
51.578895515350005,2.3393631145731675,Y,high,102343.0360325298
70.82301408281242,0.8431268966383839,X,low,153355.4630879554
60.86531766898519,0.6494070861006341,Y,medium,111266.64766097677
50.91734689903568,11.417556627015186,X,high,83318.73799253865
61.40034413661551,2.778920584228008,Z,low,93989.34994900801
44.087663432228034,2.069698008670631,Z,low,114604.66937533305
38.38547866842718,0.8779082445968491,X,low,106828.37879635005
62.16294673397523,0.10082069313839293,Y,low,117348.57757634795
37.33507326815744,0.06309872882548137,X,medium,111311.34320613806
59.635588874623515,1.615685623834913,X,low,92420.67204429996
50.46121374631248,2.871244196239446,X,medium,83926.20126781001
15.05837523316136,1.541695092575773,Z,medium,82313.13388120102
41.384263243055905,3.6750004814824924,X,medium,72241.86146133824
55.022572925369325,0.06799593973695589,Z,high,67536.42148676423
43.909990041372616,0.9137865382088989,X,medium,155153.91792587427
11.799018323567221,0.541179015503813,Z,low,103741.30454938168
69.81125191739241,1.185782025261945,X,high,95340.95646674997
52.54062576907417,0.15025844917328932,X,low,85123.47051481281
56.65608936904708,6.163959516959197,Y,medium,112866.37327992798
42.900857717326346,0.5052873683072787,Y,low,136109.9165816822
57.97234532219987,5.110000194379472,X,high,121697.9342876722
77.52230216880054,1.109879517867179,X,high,127647.6726193453
38.973905245589634,8.47054475714865,X,low,82404.13653448064
75.00519058035606,1.615134480300274,X,low,99876.12274649862
55.97846098838011,5.342458890004249,Y,low,82798.65664423122
36.95850877944704,0.010726691508605517,Z,high,103210.94196409726
83.18585956386512,2.7585485686875177,X,medium,138177.73024174632
55.87460359833399,4.667133267608412,Y,low,113182.11534711525
60.14718003159562,0.3009960407856958,X,medium,148801.43097988155
45.95971842909863,0.20213028959869234,X,high,91344.29168649575
38.05510032005724,1.1052844448777062,Z,low,75791.16837948859
52.51719867013684,5.426494549035046,X,low,115363.85460082837
73.72195585224992,1.5634609382692863,X,high,103565.75089668456
45.355102817214664,1.4992507920430547,Z,low,109681.06759494003
49.598731316387926,0.30426637536611634,Z,medium,105196.60488899495
71.84492707969378,0.001579645842481071,Z,high,85466.9687994557
45.495097312936394,3.322937596976941,Z,high,105872.08143309999
57.654144667536805,0.18329781945159834,Y,low,129201.11607487513
63.16025760109546,2.00942339683879,Y,high,132283.23123705862
47.048285766845254,4.921203745147795,Y,low,85314.50202443884
54.64756389799884,0.4680346975879571,X,low,106930.17795191455
59.9165416652176,2.188879031037551,Z,high,144313.33248644765
43.98627209683809,0.1639360359887266,Z,low,85963.27752821427
62.2364774748499,1.8514458703371297,Y,medium,80516.60801702345
41.79520874816842,0.3580899914631611,X,medium,123832.08891906613
39.873686315592636,2.663260568332381,X,low,118568.77620941437
27.094384087693147,0.7168709706908254,X,medium,74890.71754803667
42.448064841484126,1.2449711705387108,Y,low,58016.182091274655
37.76745947194669,1.8297361987297638,X,medium,106346.68306889042
43.98689065617538,0.3757299720908867,X,high,87442.0870640522
59.17988947871732,2.706785749328483,X,low,49477.71236114759
24.11488619937346,0.7209079814903441,Z,low,79383.92428454605
20.379936581193377,2.1716203327900625,Y,low,118078.29445103725
38.76381175023076,0.34462297196387,Z,low,95457.67867267017
56.918457403799856,2.3302585502769007,Z,low,146983.1213505598
54.332974205295294,0.27436311632781535,Y,low,37382.877687437816
38.524065006336116,1.1080108479465136,Z,high,140139.77114461447
67.54112348234693,0.567927517881496,X,high,89682.89860701434
40.12385097322489,2.759632772584303,X,medium,85347.3599213086
56.9368097919069,0.6077177741754168,X,low,53464.18490055241
44.55820508698742,4.2693556222748335,X,medium,113952.45547428277
36.968354735095154,4.447921453504767,Y,medium,45197.14018019278
40.9239981782789,0.43741012006899027,Z,high,124537.10933793752
61.01000577220337,1.9030377658827897,Z,medium,54599.078048747164
55.41537717714133,0.18361146689561839,X,high,59328.82119289268
64.52153995664814,0.9936386747118611,X,medium,64263.56149951954
55.414791238056225,2.498789401475982,Z,low,78521.50097819508
25.832458052386706,2.1542295314500333,Y,medium,128262.27823298502
81.7162225146319,1.9600627130002293,Z,high,145118.69600864963
55.627535210877035,0.6640785716197561,X,high,81622.19353179919
57.72007331582344,0.949710597356644,X,high,98603.10696081803
44.34743480755159,0.21727875874509914,Y,medium,114697.51927217534
66.69767439951062,2.5389636489074023,Z,medium,90120.62908798284
33.60338659099818,1.401910354737368,Y,high,113522.7288187899
59.147436164952396,2.467253897664981,Y,low,99877.61585487906
18.805500766294408,0.5725488600824336,X,low,92396.20363730406
60.15812782025275,0.7844213607337078,Z,medium,57405.52915293707
33.80674382540856,0.8135779798866024,X,medium,104471.2959377401
54.154917806406885,0.05215908785208389,Z,high,128751.27113944173
70.36010700119262,0.8342087835558014,X,medium,76651.66456779151
62.34076061750658,3.252197610185984,X,medium,40951.88097432011
68.36572505176342,4.55185703024432,Z,high,90413.4807311409
66.81272665471712,1.4605284090849693,Z,high,145293.1193442256
42.13575885635182,1.2157808999284703,X,medium,136358.4980646325
58.974952607117814,0.06261938282828633,Z,low,82586.13382652243
24.126246560872854,4.227309802579727,X,medium,113665.4501496957
39.69595373083624,0.02619117510281669,Z,low,118406.377394517
70.88982332426077,5.791776780707735,X,low,144710.14364469
44.224447963606686,1.3436179312079355,X,low,53482.53111398484
21.979971699938844,0.8369015975483456,X,high,67935.15308111066
80.20548375997036,5.159800439283318,Y,high,39707.33916290039
58.4337542475458,0.04938676105703104,Z,high,79647.72404965383
61.46717330458686,1.7417978849514024,X,medium,131989.16702406504
35.29295697617153,1.5922766751737425,Y,high,83208.42520132958
54.26084855794805,0.4951809162895943,X,high,60754.332105390815
53.863624563337915,1.120337891523752,Y,medium,106799.09252446295
37.67772715064487,2.1126234497767453,X,medium,107571.06510362064
47.45270471715262,2.597528347938528,X,low,69488.51641145996
27.492984308254734,0.0014342315452861736,Y,medium,84818.622784456
44.79935700685997,5.524593496449628,Y,medium,104517.29561936879
64.60769385889729,0.359510598645199,Z,high,122379.59490075367
38.79727611511873,0.5320510463840279,Z,low,80533.82639532843
78.6094675463983,0.6116199780055868,Y,low,76210.70959867976
28.45862731197415,0.0771077551033726,Z,medium,157376.64068295824
46.09736975306609,0.2626154446893315,Y,high,91779.21307765666
40.153550545788114,8.588020224501532,Z,high,107483.02912642164
47.29728752940696,0.757305791433715,X,high,119450.94869186889
70.57212173211383,0.24501581386571394,Z,high,46393.41894556237
35.23316755303855,0.22631782446968982,X,medium,99444.19114904483
43.23094203605705,2.54207769289697,X,high,50628.511459790105
59.81758629084709,3.8561024430178517,Z,low,96076.67653697793
51.39738169876479,0.5939900729421788,Y,low,141193.71705509466
52.62762423963505,0.04226242411225112,X,medium,70045.95019834168
35.52085490600664,0.5048615783621853,X,high,50007.4243075653
48.92624792596254,0.11635108945407227,Z,high,156630.5733059978
66.97367677309286,0.21827959995175122,Y,high,65588.28473793484
25.85718525378531,1.1295364976539124,Y,high,55042.630083190284
39.54036273951459,0.5225175157705177,Z,medium,148570.94708170538
22.766875557119953,1.4511171145771375,Y,high,64405.902346085364
58.05463545415612,0.5847025879932635,Z,medium,149347.42629185872
68.38205817971703,5.644812144627177,Z,high,108222.72484511964
47.24885019061936,4.727729176819913,Z,high,138518.7123002031
34.91719978227054,1.6731397135530999,X,low,105581.99008285752
35.35630322818197,0.875224650054023,X,medium,132391.07094186274
45.544141881908864,0.9597746473745826,X,low,72446.53532257698
45.486919319127125,1.0615542869834858,Z,medium,81591.91707929998
63.677476677700554,2.600815595314675,X,high,36534.65586716039
39.9668594833548,1.2016428832493211,X,high,129153.44433273554
56.52617507278789,3.88604788739455,X,medium,112587.0802994605
45.41794956128197,5.768195256444331,Z,low,69780.26124011734
38.82864567140244,0.8187840769696687,Z,medium,47532.93855046245
45.04435904988534,1.6451203315316199,Z,medium,108454.39445875431
55.0480757280647,0.19976561774367546,X,high,150278.6360431657
63.724000848225536,0.4474600659378159,Y,low,95861.1723225303
46.22040219262266,1.0670484876227344,X,medium,80246.6188443485
31.940928038033455,0.461854320064089,X,low,71887.77159556096
64.9957220489816,4.1840080937289486,Z,low,137480.46123298968
36.52745925271828,0.34463058821973913,Z,medium,76622.56526769175
53.91234751516299,1.216365473246181,X,low,88864.62699946955
49.627509984443684,1.8612826236006477,X,high,131252.04723756338
47.62144861480672,2.3544274739556363,Y,high,119124.44814508951
42.6953554971799,0.9659973841452056,Y,high,90012.72010039963
59.30223170623196,4.066628983378421,Z,high,79030.69176251964
-3.7309391123126656,1.6801374788211565,Y,low,143967.34869236144
67.04705762550556,1.1578798356572526,Y,high,66508.90974682054
36.31238338408947,0.13921605142254712,Z,medium,93691.44444617847
56.11935364625972,1.2498165353186503,Y,high,54823.70537973096
55.325384269023935,3.4377896227138995,X,medium,135666.01533811106
69.12466073031227,1.906640988578486,Y,medium,85753.42372350983
52.96623703307104,3.569517507789542,Z,high,79011.22603853032
37.56336229048932,1.3624833487723294,X,high,119849.87396154182
25.928675181335468,0.25217367040023003,Y,low,57234.53886093578
44.76795267690538,0.02746744631731648,X,medium,119061.44143656522
20.627368566754814,0.7225698119185715,X,high,89183.71623797482
40.572714405338665,2.3945934215463742,Y,low,63841.02355659416
45.61054069504692,3.1237723051768898,Y,high,70292.11089214543
39.65126032956613,0.7012517945074951,Z,high,79473.99701314788
50.626604860473684,1.3689851632861223,Z,high,86678.68973608785
46.45843983621189,1.0933163684312812,X,medium,64044.21778476359
45.08470188006827,1.0570384201018748,Z,high,108835.47968704138
13.637740744440414,0.5262357510423544,X,low,63258.34048132995
30.579422289716764,0.29322424431623095,X,high,29046.32640585134
59.63985097782314,0.4380255848941653,Z,high,157588.5888639257
62.06384409421167,0.11384429161749168,Z,low,105937.82647296901
22.418349230315066,0.44161940826985796,Z,low,160284.74774936723
37.779227281488026,0.018486974655112724,Y,medium,68690.21949918849
66.07948051398691,1.9737397250173923,X,medium,114393.84142863995
39.22941779892276,0.7606927064762349,X,medium,126838.2609658978
48.32763819312332,7.234585020164643,X,medium,94319.61225480233
71.62707993523863,0.4306410889059882,Z,low,56666.50073263958
44.5763403283491,0.8487716739295843,Z,high,92065.56597333116
42.42920884719326,0.8858391788967345,Z,high,118791.9079928872
47.644449641110555,0.016974824926715443,Z,high,117646.61349702095
77.80116196849742,3.655286765322066,Z,medium,99951.1416262583
56.6930275443422,0.06503493746107242,Y,low,126918.63829515238
50.28622441669652,5.63282492596621,Z,low,125502.58364477061
42.13460066477625,4.452625449981751,X,low,84289.9719982149
58.082253922716845,1.5336818078849197,Z,high,54387.410354253785
59.89549654896197,1.5687519308085205,X,medium,105713.01724032366
33.90232235786795,2.1213497372983627,Z,low,77600.8730193878
60.2994228791924,0.9789438638247168,Z,medium,104312.45802697871
47.73271570064854,2.0838342368056466,X,low,140365.89560655697
50.3719795194291,0.09160288594460557,X,medium,113124.76047613293
36.735664955175224,0.11112611446662946,X,low,138887.67127665188
44.000269582566354,1.2221407892645297,X,medium,69655.60596950288
34.54786602165757,1.5953374347669613,Y,low,132623.67216042077
33.82672744825549,4.37525904099726,X,low,150297.93794955
55.6563533064017,0.22110490517333967,Z,medium,101929.66020124077
44.673251518353375,3.459236820346015,Z,medium,169661.60181093068
30.505434952063762,0.47156451187851,Y,high,74277.06364814185
82.65578971232564,1.0020266725706153,X,medium,80834.98390721645
33.130174410260956,0.7613570042435369,Z,low,119498.06651285406
66.38154441529001,1.02216889073282,Y,low,101633.96634490565
27.853045375672973,0.3262040767632895,Z,medium,77712.78001656315
56.84753502751693,1.4006258844442026,Y,high,118573.12229847303
46.24159447071963,3.2353695473285193,Y,medium,110666.2453999718
40.56414902962393,1.1651231165213618,X,low,82411.69970403254
52.95113485648559,1.349096735107979,Y,low,105671.54878133118
50.933897844939985,3.7778749103067555,Z,high,122770.76561892778
37.81302224476932,2.4487464000387087,Z,medium,81746.23640504463
37.133916788194995,1.3484718950704695,X,low,115509.87428922663
26.391286820083984,0.5959918845439888,X,low,73988.70317435959
54.58346576535577,4.3243727389004905,Y,low,79785.26857075459
31.192927593499874,1.72086266409191,X,medium,133347.61939660832
50.05962434775774,0.49986747545906507,Z,medium,118412.38879319292
58.887169761810746,0.6270113059012101,Z,high,43394.87475676829
53.12082547736081,3.2504547138132325,X,low,88773.26124872398
39.15303052974113,0.09029927824293278,X,low,114690.90323779479
63.63218617024953,9.679808049075348,X,high,104165.96851565015
43.8804278284812,0.27933275722706197,Y,low,118546.12735551856
29.987588614925134,3.179942500752877,Y,high,103479.4497934689
45.74408743320083,1.00431102531573,Z,high,96022.06979562002
58.80196066977089,1.3553989592630087,Y,low,95105.13592488275
39.8837852838481,4.251399529243777,Y,medium,132735.37940783607
63.17273622455456,1.0651583503586428,Y,medium,120848.18759291871
38.44510902173524,1.5421904330989433,Y,medium,112142.31411236386
40.48680209471709,0.10111273704019474,Z,medium,102664.99296702333
34.30881476220121,0.004700467007722309,X,low,83535.43925859344
60.25564305362044,0.5615449919715455,Z,high,90797.39007515383
49.20136144866196,2.2825162214445927,Y,high,131940.1337331063
35.303570783840385,0.2585435686939775,X,low,129115.07483608648
44.05684486578345,0.2415393898828481,X,medium,80542.827109137
3.932735181514584,1.058524436342255,X,high,102997.59543174703
61.66958545199965,2.087322504033811,Z,low,114954.01967842194
47.43880040752539,2.490089606355524,X,low,112995.5323421999
13.906427734851544,0.3931265992096782,Z,medium,112764.48049190296
28.149778380138773,0.16586808642316286,Z,low,66637.75544869792
43.676089061635956,5.6400998802695215,Y,high,64855.47734356569
30.287438613427444,0.6040120309374603,Y,high,135105.84230083937
61.90023985529088,3.8393652023788114,X,low,145270.75596675562
56.27859328986732,3.982736064693041,X,high,55554.3658286963
55.39303915276803,2.9614086999457805,Y,low,99167.1959006601
10.934795971779428,0.36985054300437326,Z,high,124421.52391999967
42.11812378689659,3.4497139056706003,Z,medium,33886.644887207665
39.53575324086415,2.9328456583685734,Y,high,67799.86425762867
35.68918318843119,1.816263167404326,Z,medium,97234.0893361861
43.77237078254432,0.8225701279942723,Y,medium,82082.84031825353
33.106426893709056,0.609001715276627,Y,low,106274.30503436647
53.22831099425327,0.25996502233299174,X,medium,144114.46083051065
61.49827031506658,1.425708457803433,X,high,74416.071174603
60.20575607635507,1.7602111441989925,Y,high,101508.18673946123
47.93133122432779,0.8905096166170134,X,medium,89656.1163101745
79.98859544500253,1.2900823776457093,Y,low,104090.95924219418
67.09962671750765,0.9035871501970358,Z,medium,100174.00357348281
48.47662694491172,2.0488995267916366,Z,high,179115.94597397628
42.765916846977255,4.630514246115708,Z,high,144687.32376542737
70.0704074417288,0.3580625802384572,Z,medium,52571.934380883045
65.113710241441,0.9606213210247603,Y,medium,72995.95711082475
28.843591942636557,0.30366680945389424,Z,medium,76664.28225374158
66.28731978843119,1.9613586373466525,Z,high,62971.735476165966
47.68439697914106,2.610317494918016,Z,high,58949.11057632596
37.08632704109962,5.373930104866426,Z,high,94649.00725915654
20.311912111390054,0.6538770479844176,Y,low,77809.37307965076
45.96625707953298,5.999930675299709,Z,high,73276.19000602105
49.81658622170112,0.13070473766100227,X,high,160614.21931278388
73.80991481165327,1.8477078384369983,X,low,79873.67137720958
64.35850711623029,0.11765949573823667,X,low,86704.96816560396
41.25669917935948,4.484376293235767,X,low,122243.69460977845
55.84013591329605,1.509232810453674,X,low,86604.1458377676
62.393741340092355,2.2133797540199773,X,low,65029.79468644891
51.28936082025823,3.562516709797054,Y,low,92261.80888444808
41.19268761453194,0.32576886900605145,X,medium,160262.0026868831
42.01741315634831,0.0787118934251722,Z,medium,85556.73729205226
55.782096056854286,4.221965900618245,X,medium,72646.9979251045
56.194708482875704,0.7564779346169135,Y,medium,112606.90992547064
45.60568076354683,0.27617817299071096,X,high,90822.56537020087
10.71271692419991,1.2639583053937964,Z,low,182169.82383019134
30.642159090630642,1.8241297253805104,Z,high,76393.09144820199
59.29533382418168,0.06292066105251143,Y,low,152011.9216063015
18.037430039661864,0.6428794296750093,Y,low,134901.68649667135
67.76271524550822,0.06669969938979185,Y,high,88559.64090634318
65.54235891707756,1.0906111998609715,Y,medium,99894.5411603081
50.61644572899809,4.509496081330378,X,high,69103.60424366464
58.96896551342911,8.108603546466451,X,high,83846.75411130962
57.93162017538329,2.026966909372242,Z,low,88346.62511192996
48.246903074506804,0.35260985123138233,Y,low,104735.60593031369
29.39166323617145,4.72571908973951,Y,low,57619.59622077812
64.5090946259253,1.452365069606867,X,medium,109344.54011008875
71.10845017075452,0.3338792837581529,Y,high,95623.94736110055
31.871142136364867,5.095096680057117,Z,high,111943.23403038498
28.831174922454508,2.833251901727956,Z,medium,116419.19926733075
47.948046428639884,2.6313383481697934,Y,high,93221.93668432646
40.60663106545325,2.4701063598682547,Z,high,114645.93330673859
52.17423860308189,0.44713683585560293,Z,low,97384.71515722206
68.1199105979058,0.47399487884769226,X,medium,122304.18968284197
16.314943425912563,2.3313832598484923,Z,low,109483.77449079171
73.71907927428732,0.4962119477579301,Y,medium,105431.24503438125
43.8999733718462,1.1548986678773745,Y,low,96926.62071597803
57.676684679757415,3.046537181024495,Z,high,138874.47738850038
59.280887571566986,3.0645141436690744,Y,medium,112155.55687885068
61.030117312966944,1.2075703029661244,X,medium,60356.12581004203
50.928621560449955,3.142261562509215,Z,low,85841.47692208357
54.433409026801186,3.648009153726514,Z,medium,93142.45575019493
54.335330759081046,2.1271221536587115,Z,high,99966.30519082582
40.54575798830829,0.5186450066360098,Y,high,105301.22053679521
23.629172128442036,0.6404429814307296,Y,high,71673.49857169564
31.712212583522078,0.7562091553759345,Z,low,97960.06418755224
48.436430307529484,0.24841650887401207,Y,medium,90576.3595823539
38.197900146554225,0.6380967717986442,Y,low,132542.3272826188
38.232558914156975,0.4702278836185304,Z,high,70147.65072036172
76.98876568529293,1.2151457539632453,Z,medium,99478.64199975501
62.8834219498981,4.781468005215821,Y,high,79438.44662978621
46.21886051135039,0.22070215509735983,Z,medium,155889.8774655938
60.08052418483163,2.5478460102942386,Z,medium,137698.4080796044
43.69597091613649,2.3249133298040343,Z,low,50729.26253828206
51.66085151279745,0.2013081028314722,Z,medium,76113.58944742786
56.624429726283736,5.116824072323614,Y,high,126127.69876203158
43.73591048342182,1.6808466982251624,Z,medium,113718.49144129604
39.721241786943565,0.9042504764008378,X,high,112777.95347938941
68.35897727702756,2.825593605588225,Z,low,105725.5811727877
59.2116945079716,0.5951024478285709,X,high,128535.99655203741
16.18083682560924,2.365139237777371,Z,medium,123429.29813192377
39.977961049525845,0.08104242862716245,X,high,91283.31580841499
38.280912504584094,3.657777052204323,X,high,64022.24500219219
40.68292866781403,1.189033572170298,Z,medium,49298.04216420558
62.93603433138343,2.0250136727774453,Z,high,96890.83824288698
50.28808952005537,0.5000991366102222,Z,medium,44802.950072687185
29.15555493716682,2.2606623887375696,X,low,107529.90171026227
44.25177744562076,2.958928094692814,Y,high,90759.05385647771
58.126064714242844,1.2819186829543778,Y,low,158317.33109384315
46.705324766993684,1.9232401345764005,Z,high,110293.8781747692
40.32986073254762,1.218810672693252,Y,high,99123.24461313045
